label	premise	hypothesis
1	A girl wearing black is riding a giant unicycle on the beach.	The beach is cold
2	A group of mountain climbers rests at the summit.	A scuba diver runs out of air.
2	A man sits behind a decorated table inside a room with fabrics draped down the walls.	Man building a house out of stone.
0	Two men are interacting with some sort of mechanical contraption that is mounted on a wall.	Some men work on a machine on a wall.
0	Several men at a bar watch a sports game on the television.	Some men are watching TV at a bar.
0	An adventurous man navigates through the jungle with a long stick.	There is a person outside.
2	A young boy is hugging a wooden post.	A boy gets his tongue stuck to a metal post.
2	a dog jumps over the pole.	Dog is asleep on the floor.
0	Five people standing under a tent-like structure celebrating the 25th Annual Longboard Classic.	People are celebrating.
1	Children are playing in the street with a toy.	The children have a ball.
2	A female bicyclist wearing black, and having four number 9's printed on her limbs on a bike.	A woman is riding a skateboard.
2	A man in a red muscle shirt poses for a picture beside a stone building whilst other people pass by.	the man is at home sleeping
0	Two girls wearing hats are running through snow drifts outside.	two girls running
2	Two daschunds play with a red ball	A cat in a litter box.
2	A woman in a red jacket walks down the street in the rain.	Woman walks down street on sunny day
2	A boy is running in a spinning metal tunnel in the playground.	He can carry the tunnel home.
2	Two racers race on motorcycles.	Two people are racing cars.
0	Boys in what appears to be a library or school room.	Children are indoors.
0	A woman in a green suit walking towards an escalator.	A woman walks to an escalator.
0	A man walks along with a can of soda in his hand.	A person walks along with a can of soda in his hand.
0	A tennis player in a pink outfit serves the ball to her opponent.	The woman hits a ball.
2	A schoolgirl is jumping over a low hurdle.	A girl tripped on herself before she attempt to jump over a hurdle.
0	Two dogs wearing muzzles are running.	there are dogs with muzzles
1	A black woman is sitting on the beach examining an octopus.	The woman has been fishing in the ocean
0	An older white woman makes cupcakes in her kitchen.	An old woman is in a kitchen.
1	A young girl with blond-hair eating a peach.	A young girl eating a peach, while discussing the times of old with her friend.
2	Children on the beach with their dog.	The children are asleep on the couch with their dog.
2	a woman wearing a pink tank top holding a mug of liquid	A woman in a blue tank top holding a car.
0	A woman wearing a yellow jacket skis down a snowy hill.	A woman is outside.
2	A woman holding bags behind plantains.	The woman is holding old trashcans to carry various objecs.
2	A man in a blue helmet is riding his motorcycle.	The man is sparring in the gym.
0	A bare chested smiling child plays in water.	There is a topless child playing in the water.
2	A man in a red shirt is learning how to climb a cliff.	A man is playing videogames.
0	A man is shooting a gun outdoors, on what looks like a beautiful sunny day.	A man is shooting a gun at targets on a nice day.
0	A man in a striped shirt standing behind a large pile of fruits.	a man stands near some fruit
1	A young boy in a straw hat drinks out of a plastic pink cup.	A kid is holding a soda can and walking through the park.
2	An entertainers reaches out to his audience during a performance.	A man juggling flaming torches.
0	a dog about to jump to catch a Frisbee	The dog is going to catch a frisbee.
0	A man wearing a checkered shirt, cream suit and tennis shoes sits on a bench.	the guy in funky clothes is on the bench
1	Two guys walking, one carrying a skateboard	The men are walking to the park.
1	I am squatting on a dock, looking into a lake.	I am at the lake with my family.
1	Security officer working outside.	A security officer is dressed in a uniform.
1	An athletic woman in a gray top and black shorts, seems very focused on her rollerblading.	woman going to park
2	People in chairs around a table	The people are climbing a mountain.
0	A man is reading a book while sitting on a bench outside of a bookstore.	A man is reading on a bench outside of a store.
0	Construction workers are standing upon on a wooden bridge.	The bridge is wood
2	A topless man straps surfboards on top of his blue car.	A man is sitting on the couch.
0	Two young teenage girls hiking through the snow on a cold winter day.	Teenagers are hiking in the cold.
2	Man in plaid shirt sings into microphone while playing an acoustic guitar.	A man is walking.
2	A group of girls jumping over another girl who is laying on the floor.	A gorup of girl is laying down.
2	Construction worker standing atop an unfinished building.	The construction worker is dead.
1	A boy rides his skateboard at the park.	A sad boy rides his skateboard at the park.
2	Two people crossing by each other while kite surfing.	There is one person outdoors.
2	A man is dancing in front of a band.	The man is buying groceries.
2	A man dressed all in black puts his hands on an art sculpture.	The man is robbing a bank
1	The flight attendant dressed in yellow demonstrates life vest usage.	A flight attendant is standing in front of passengers.
1	A girl wearing a scarf is brushing a horse.	A girl is brushing a horse after coming back from a ride in the snow.
2	two girls looking out the window at "Hair at Hart."	A bird attacks its reflection in a window.
0	A bird is perched on a tree branch.	A bird is perching in a tree.
2	Two men and two women in jackets walk down a large city street.	People eating lunch together.
0	An SUV traveling through mud.	Suv travelling through mud
2	A shirt booth with a man printing a shirt.	The man is printing some pants.
0	A person is surfing a big wave.	 A person is surfing.
0	a big black dog jumps in the air to catch the tennis ball in his mouth.	A dog is jumping.
2	The tennis player spikes the tennis ball on the boundary line.	A boxer is kayaking.
1	A statue at a museum that no seems to be looking at.	The statue is offensive and people are mad that it is on display.
1	A boy in a blue jacket rides a skateboard down the street.	A blue jacketed boy is speeding down the street.
2	Two women and a man are sitting down eating and drinking various items.	Three women are shopping at the mall.
2	A dog with a collar on lying on the street.	The dog is standing on two legs.
1	Two gondola operators sit along a road in Italy.	The gondola operators are in uniform.
1	A baby is looking into what looks like a telescope.	An infant looks through a telescope pointed at the planet Jupiter.
1	A group of children in African clothing.	Some humans in green clothing
1	A shirtless man with cropped hair smokes a cigarette and ties a plastic bag.	The man doesn't care much about his health.
2	A young boy vocalizes in to a microphone held by a blond woman in black.	Two girls playing the drums.
1	A group of people are camping out on some rocks.	People rest while climbing a mountain.
0	A woman in black reviews a message as she walks to work.	The woman in black has a job.
0	several people are bike riding.	Some people are riding bicycles.
0	A beautiful bride walking on a sidewalk with her new husband.	A couple walks outdoors together.
1	A man in bright shirt carrying a fallen branch.	The man is cleaning up his yard after the bad thunderstorm the evening before.
0	A scientist studies a slide in order to work on her new creation.	A scientist studies a slide that is related to her invention.
1	A little white dog runs outside, their ears blown back in the wind.	A dog is running towards it's owner.
1	A woman is taking a picture of a girl on a scooter.	The woman is the girl's mom.
2	A little white dog runs outside, their ears blown back in the wind.	The pet is taking a nap.
0	Women sitting at steel table next to a man standing and holding his bicep.	a women is holding a mans bicep
0	An old man holds up a sign.	A man is holding a sign.
2	A man in an overcoat putting on his gloves at a subway station.	A man is taking the bus.
0	A kid playing a game called The Derby.	The child is playing.
2	A boy and girl child swing together on a swing set.	A boy and a girl are cooking breakfast.
2	2 people with backpacks are at a table with a woman with a beige blazer sitting behind it.	10 people are kissing
1	A big dog catches a ball on his nose	A big dog is sitting down while trying to catch a ball
1	A light colored dog leaps over a hurdle.	A show dog is showing tricks for the judges.
0	A man in a blue shirt is performing a skateboarding trick near stiars while two other men watch.	A person in a shirt
0	Beautiful girl in white dress steps into the sunlight.	It is a sunny day.
0	Two musicians and a singer are on a stage performing a song.	Band performing a song on stage.
0	A man in a blue jacket leans on a post and talks on the phone while an old man carries yellow bags.	A man talks.
2	A boy kneeling on a skateboard riding down the street	A boy standing upright on a skateboard.
1	An old woman walking down the street.	A woman on her way to church.
1	A guy taking a nap in the back of a vehicle.	A man is dozing off while bumming a ride in the back of a truck.
0	A woman is leaning against a wall with her shoe off.	A woman is wearing only one shoe.
1	A shirtless man rock climbs.	A man is doing his hobby
1	A crowd of people in a stadium decked out in white, yellow and green cheer and clap for the team below.	the crowd is a mob
2	A large group of protesters are walking down the street with signs.	The group of protesters are ordering ice cream in a store.
1	an elderly woman walking down the street.	An elderly woman is walking to her doctors appointment.
2	Three children are playing on a swing in the garden.	Three children are swimming in a pool.
1	An Eastern vendor sits by his stall with a rooster nearby.	a rooster near a vendor hoping for food
1	While two students are jumping, others in a classroom are sitting or standing.	Two students disrupting class.
2	two dogs fighting over a pink and red toy	The dogs are eating from their dog bowls.
1	A man walks three white dogs with spots down a street with palm trees.	the dogs belong to the man
1	Two children play in the snow by the side of the road.	Kids are enjoying the cold weather.
0	A group of mountain climbers rests at the summit.	A group of climbers takes a break.
0	Two dogs in a grassy field.	Two dogs are outside.
2	A man playing a large stringed instrument on the street.	The man is standing on the platform waiting for a train.
1	A man wearing his traditional ethnic clothing laughs as he views a show.	A man is laughing as he watches a show in a theater.
0	Two people sitting on the sand.	There are two people sitting down.
2	A woman in an apron is looking for bread.	A woman is talking on the phone in her bedroom.
1	A brown dog is in the middle of a line of dogs chasing a dirty tennis ball over dirt.	The tennis ball was thrown really far.
0	A man swings his tennis racquet as the tennis ball gets closer to him.	A man is playing tennis.
0	A boy in a swing.	boy swinging
1	Two men are standing in a boat.	A few men are fishing on a boat.
1	A man and a woman are standing at the side of an inflatable climbing structure.	A man and a woman are talking
1	Two teams of men are playing basketball on a court in an empty stadium.	The men are making shots.
2	Cook handling hot tray with food on it.	girl eats cotton candy
1	Two girls wearing hats are running through snow drifts outside.	two white girls running
1	Blond woman overlooking Seattle Space Needle scene.	A tourist checking out Seattle.
2	A brown and black dog runs on the grass outdoors in front of a sidewalk.	The animal is sleeping in the basement.
1	A man on a skateboard performs a trick in the air against the backdrop of a bright blue sky.	A man is a good skateboarder
0	a black dog chases a boy wearing red and blue.	a dog chases a boy
2	Military personnel are shopping	People in the military are training.
0	A blond woman in a white shirt demonstrates her talents to a crowd.	A woman performs for the crowd.
2	A man wearing a red vest is walking past a black and green fence.	The man wearing the vest is sitting on the sofa.
0	The coaching official and football player are talking in front a crowd and other team members.	People talking
0	Two ladies at workout in mother nature.	The two ladies are outside.
0	A woman is carrying two children in the middle of a large crowd.	a woman carries children
1	A man sitting on an elephant with a riding seat is talking to a female tourist.	An old Asian man riding a baby elephant.
0	A shirtless man rock climbs.	A man is outside
1	A group of young people pose for a picture in a field	They are taking a class photo.
1	A man pulling items on a cart.	A man is taking things that he bought at the store home.
0	A half dressed man is sleeping on the sidewalk.	A man is asleep
0	Two people walking down a narrow alley with large buildings on each side.	Two people are walking down an alley.
2	A white and black spotted dog is running through a grassy area.	A dog is asleep on the couch.
0	Everyone is getting ready to play the game.	People prepare to play games.
1	A man grilling a hamburger.	The man is wearing an apron.
1	a man with a cap and not wearing shirt is laying a wooden bench.	A person rests on seat
1	Woman smiling while holding a book and yellow paper star.	the woman reading book in the hall
2	An emergency worker directs a man pulling a sled with emergency equipment on a snowy path.	An emergency worker is at the beach.
2	A large black and white dog is licking a smaller white and black dog who is growling.	The dog is red
1	A young girl holding a toddler.	A sister holds her little brother.
2	A man wearing a hat and carrying a bag	A man is walking empty handed.
2	A young woman is about to descend the stairs into a metro station.	A lady is taking a bus
1	A young boy and an adult man looking at ducks in a pond.	The boy and his dad walk along the edge of the pond.
2	Two female martial artists demonstrate a kick for an audience.	Two female artists are demonstrating punches for the audience.
1	Three people are dressed in costumes and playing musical instruments.	The people are playing at a festival.
0	A man juggles a flaming staff in the dark.	A man juggling.
2	A light technician man with tribal tattoos aiming a spotlight over a balcony.	An actress takes the stage.
2	Two men renovate a brick wall outside.	Both of the men are on break.
0	A shirtless man skateboards on a ledge.	A man without a shirt
2	An Indian woman is dancing with her partner.	A woman is swimming.
1	A woman and two men, that are dressed professionally, are having a discussion.	A woman and two men are negotiating a threesome.
2	A young boy poses behind the netting of an enclosed play area while three other children play.	A girl poses in front of people
2	Two dogs stand side by side in the yard.	Two dogs sitting on the porch.
1	A man in a black shirt working on a guitar.	A guy working on his bass guitar.
1	A tan dog chases a black and white soccer ball.	A dog is at the park with it's owner.
2	A toddler sits on a stone wall surrounded by fallen leaves.	An child is throwing stones at a leaf wall
0	Two rescue guys looking at a guy on a stretcher	A man on a stretcher.
0	Four young boys flexing for the camera.	For boys are flexing
2	A group of people in red clothing with scooters ride down the hill on rollerblades.	Everyone is wearing green clothing.
2	A surfer showing off his talent in public using a man-made water machine.	A man is cutting the grass.
2	Two small children walk away in a field.	Two small children are sitting down, eating ice cream.
0	Two belly dancers perform with each other in the streets while passersby look on and watch the display.	Two belly dancers perform
1	Bruce Springsteen, with one arm outstretched, is singing in the spotlight in a dark concert hall.	Bruce Springsteen is gay
1	A man flying out of a river raft filled with 6 other people.	The raft is filled with 6 females.
0	Dog running with a purple toy in the snowy field.	A dog is running.
2	A girl crosscountry skis.	A girl is strolling down the park.
2	Two people walking down a narrow alley with large buildings on each side.	Two people are sitting in an alley.
2	A nurse is listening to another women's heartbeat with a stethoscope.	A nurse taking the temperature of a woman.
2	Two men stand on stairs with an assortment of chairs and a woven basket in the foreground.	The men are sitting.
2	People with bags walk along a dirt road in front of a green building.	People are riding a bus.
0	A guy on Rollerblades, sliding across a rail.	The skateboarder rides the rail.
2	A guy taking a nap in the back of a vehicle.	A man is driving a truck blindfolded.
0	A bald man with a white shirt and watch eating food and drinking wine.	There is a bald man.
0	Large brown dog walking in shallow water.	A brown dog is walking outside
1	Two people crossing by each other while kite surfing.	The people are both males.
0	A young boy wearing an orange jacket is sitting on a log in the fall.	A boy is sitting on a log.
0	Kids work at computers with a teacher's help.	The kids sit in front of computers.
0	women's soccer team competing on the field.	A women's soccer game.
1	A small dog runs to catch a ball.	The dog is a chihuahua.
1	Cityscape with four men on bikes serving as the focal point of picture.	Bike rental as low as 9.99 an hour.
1	a man with a red headband climbing a rock cliff looming over greenery.	A man has on climbing gear.
0	A skateboard is grinding on a curb with his skateboard.	The skateboard is grinding.
2	A man with a latex glove and black t-shit is standing in front of a Chevy van.	a man in his van because he caught his victim
1	A young lady toying with her watch.	A woman is adjusting the time on her watch.
1	The African American man protests against unlawful sex.	The man protests in something he doesn't believe in.
1	Two fans are cheering at a sporting event.	Two men are cheering on the New York Yankees.
2	A man wearing a brown hoodie is shopping for snacks.	The man is wearing a red shirt.
2	A group of footballs players is standing behind a coaching official.	There is only one person present.
2	A person in a red shirt is mowing the grass with a green riding mower.	A person in red is swimming in the Olympics.
0	This is when daddy taught her how to ride her scooter.	daddy taught her
1	Two girls looking into camera and smiling	Two happy girls get their pictures taken.
1	A man is standing inside a building under construction filled with bricks and various tools.	a contractor looks at the job
0	A woman in an office making a phone call	A woman is making a phone call in an office environment.
1	A female bicyclist wearing black, and having four number 9's printed on her limbs on a bike.	A woman riding a bike in a race.
1	A woman cook in an apron is smiling at the camera with two other cooks in the background.	A woman is in a cooking competition
1	A young woman in a bikini looking at something in a glass case.	A lady shopping.
2	A man and a woman are lying together on a grassy park field near a waterfront.	Two people are playing with a frisbee at a park.
1	two dogs fighting over a pink and red toy	The dogs are in the backyard.
2	Boy wearing red hat, blue jacket pushing plow in snow.	The girl pushes as hard as she can
0	A group of girls in black and white spotted skirts cross a street.	A group of girls are outside.
2	Men wearing life vests speed across a body of water in an orange boat.	The men are fighting a fire.
2	A man in a one piece tunic is riding a bike in front of a sandstone wall while touching his nose.	The man is driving a truck.
0	A person in sunglasses, a scarf, a shirt, and jeans is walking outside.	A person outside
0	A man, woman, and child get their picture taken in front of the mountains.	A family on vacation is posing.
1	A man is painting a city scene on a canvas in the street.	A man is painting New York City.
0	A man is playing drums with a band.	A man is playing an instrument.
0	An elderly Man wearing a olive green shirt and red and white striped apron is stacking cheese.	A man is wearing a apron
0	four people standing on a hiking trail in a forest with big tree logs on the ground close to them.	Some humans standing
2	a breakdancer man is performing for the kids at school	A woman is break dancing
2	A woman attends to her laundry in a laundromat.	Nobody is doing laundry at the laundromat.
2	An elderly lady holding a scruffy dog and smiling contently.	a woman holding a scruffy cat
0	A girl in a yellow dress looks at a restaurant building.	A girl in front of a building.
1	Here is a picture of people getting drunk at a house party.	Some people are by the side of a swimming pool partying.
2	A young girl holding a toddler.	Two old ladies are making out at a strip club.
0	A dog standing near snow looking at water.	Animal is outdoors.
1	It looks like the clown has fallen off the horse.	The sad clown fell off the horse at the State Fair rodeo.
0	Three women sit at a table, taking notes from three identical magazines.	Three women are reading and writing.
1	A woman playing with play equipment while a child looks on.	Mother demonstrates how to use equipment to her son.
2	A woman is in the middle of hitting a tennis ball.	A woman is sleeping.
2	A man in suit waiting for the green light.	A man ran a red light.
1	Cook handling hot tray with food on it.	man preparing meal for wife
2	Workers standing on a lift.	Workers walk off a lift
0	A boy and a woman are on top of large rocks at sunset.	The surface of the earth is visible.
0	Three men are sitting outside on chairs with red seats.	Men are sitting outside.
0	A older man working at a loom	An old man looming some threads.
2	A rally in a different country.	A carnival in a different country.
2	A brown dog persues a Frisbee across the grass as the thrower watches.	A dog goes to the vet.
2	Many people sit, some stand outside of a large brick building.	people are throwing rocks at each other
1	A nighttime street scene of a restaurant.	The restaurant is about to close.
1	A young boy looks on as a man performs the guitar on the street while sitting on a bench.	The man performing is famous.
1	A water scene with a sunset in the background.	There is a young couple at the water scene.
1	A standing man talks to a seated woman while on some sort of vehicle.	Two people are discussing their relationship.
2	A man walks three white dogs with spots down a street with palm trees.	the wolves are killing the man
0	A male runner in an orange and white t-shirt and black shorts is sprinting down the track.	A person running
0	Two people bicycle on a path separated by small mountains.	Two people are riding on bikes outside.
2	A boy rides his skateboard at the park.	A girl rides his skateboard at the park.
2	Guy in uniform standing on the side of a boat moving through the water.	A man in a uniform is underground.
0	A man flying out of a river raft filled with 6 other people.	The raft has people in it.
2	A young girl with a purple shirt and a pink hair band standing near the woods.	A little girl is inside on her computer.
1	A woman rollerblader with knee and elbow pads and a helmet jumping into the air.	the woman is a professional skater
2	A man with two small boys making a purchase from a woman.	The little boys are flying a kite with the man and the woman.
2	A little girl with pointy pigtails is sitting in the sand on the beach.	The girl runs through the grass outside her school.
0	A bearded man wears a roughly sewn hooded costume emblazoned with images of Spiderman.	A man wearing a costume
1	A female guitarist is playing on stage.	The woman is doing a solo piece at church.
0	A woman in a headscarf sitting in front of a loom.	a woman is sitting
0	A man in a black tank top wearing a red plaid hat	A man in a hat.
0	A swan landing in a lake.	A bird is on a lake.
0	Three men stand on a sidewalk wearing construction hats.	The men are outside
0	A group of uniformed officers in a street wearing a mixture of gas masks and face shields.	The officers are outside.
2	A Man is eating food next to a child on a bench.	Man eating child.
0	A small boy wearing a blue shirt plays in the kiddie pool.	Boy in a pool
0	Young people are standing around a drum at a party.	A drum has people standing around it.
0	An olympian leaps over an obstacle.	An athelete jumps.
0	An older white woman makes cupcakes in her kitchen.	An old woman is baking.
0	A girl crosscountry skis.	A girl has on skis.
1	A little dark-haired girl runs on the beach.	The dark haired girl is running away from a wave.
1	Three people posing for a camera	The three people are all female.
1	People walk outside "The Tempe Bar".	Bar goers walk around outside after last call.
2	Three people wearing black blindfolds near a "Salvar O Planeta" sign.	they can all see
0	A woman is painting a mural of a woman's face.	There is a woman painting.
1	A man, with a full face mask, sits on a sidewalk playing the guitar.	The man's mask is a clown face
1	A woman is taking a picture on the shoulders of another woman in cold weather.	A woman is taking a picture with an older woman.
1	A man playing cricket	an indian man plays cricket
2	A man and two kids standing in front of an ancient building.	A man is sitting on the floor.
0	A man is doing a task by a body of water on a farm.	The man is doing something by the water.
1	A juggler wearing a plaid kilt and a green shirt, juggling.	A person juggles balls in a kilt.
2	A man wearing a hat sitting on the side of a hill looking towards the water.	A man is wearing a dress while dancing in the park.
2	A young man sleeping next to a dog.	A boy is playing frisbee out in the grass.
0	A man is laying down inside a black, non-working boat.	The man is outside on a boat.
0	A group of people are walking down a busy street.	There are people walking.
0	Two beautiful, little girls with dark hair and dark complexions are sitting down eating cupcakes.	Two girls eating cupcakes.
2	a young girl looking down through some leaves from atop a tree.	There is a boy in a tree.
0	A woman is lying on her stomach on a white pillow and crying.	A woman is crying.
0	Person in yellow T-shirt is sleeping.	A person is napping.
0	A man with thinning hair looking into glasses through glasses.	A man with thinning hair.
2	The man in the black wetsuit is walking out of the water.	A man is laying on the beach.
1	Little girl blows bubbles in a public square.	A little girl is waiting for her parents.
1	A man running in a race passes by spectators.	The person is running a marathon.
0	A group of people watch a breakdancer in a red jacket do a one-handed trick.	A person is doing tricks in front of crowd.
0	a ballerina striking a pose in the studio.	The ballerina is indoors.
1	Two old women sitting on curb next to flowers	Two old women sat near the scenery that they enjoyed
2	Two formally dressed, bald older women	Two long-haired young women.
1	A man in a business suit screaming at the camera.	A business man is giving a heated interview for the local news.
2	A white and a black dog fighting in a fenced in room.	the black and white dogs are playing.
1	Elderly people walking down a city street.	The Elderly people are crossing the crosswalk.
2	A mountainous photo is complete with a blue sky.	The photo was taken on a cloudy night.
2	A racer on a motorcycle lifts one hand in the air.	A person waves at the camera.
0	A man in glasses in a basement.	The basement has a man in it.
1	Some kids are wrestling on an inflatable raft	Some kids playing with a raft in the lake.
0	A man in summer clothing skiing on thin snow.	There is a man on skis.
0	An Eastern vendor sits by his stall with a rooster nearby.	a rooster near a vendor
1	Two girls walking, both with a white shirt and blue shorts on.	Two girls are wearing school uniforms.
1	Artists install a new exhibit in a gallery.	People put up new art.
1	Men wearing painted clothes are standing in the rain.	It's raining heavily on a group of men.
1	a guy with long hair is making a sand sculpture	A guy is in a sand castle building competition.
0	A closeup of an older man with glasses speaking.	An older man is talking.
1	A man in a red plaid shirt using a bull horn to talk to a crowd of people.	a man is a comedian
0	The man is sweeping with a red broom.	The man is sweeping
1	Two lacrosse players are running on the sports-field.	One of the boys scored a goal for his sports team today.
1	A man in a blue helmet is riding his motorcycle.	The man speeds along the street.
0	A woman carrying a bucket of flowers.	A bucket of flowers is carried by a woman.
0	A person is hanging on to the bottom of an airplane preparing to skydive.	Someone is flying through the sky
2	Two mountaineers are walking across a snowcapped mountain.	Two mountaineers sitting at the beach.
2	A woman wearing sunglasses.	A woman is speaking latin.
2	a couple wearing bright outfits walking hand and hand on a sidewalk.	The couple is naked.
2	A man is riding a bike along a dirt trail.	The man is riding a horse.
0	A land rover is being driven across a river.	A Land Rover is splashing water as it crosses a river.
2	The man is digging in the sand while others watch to see what he discovers.	a woman hunts for treasure.
1	A biker wearing glass and a backpack rides near a fountain.	A biker is riding for a charity event through the center of town.
0	Men sitting at a table in a church.	There are people at a table.
1	A woman is posing in a meadow next to an old truck.	A woman is getting her maternity pictures taken.
1	An Asian man is praying at a Buddhist temple.	The man has been Buddhist his whole life.
2	A person dressed in a jacket and long pants walks down a snow-covered street in a small town.	The town is well-populated.
0	A person with a green backpack is riding a bike down the road.	There is a person with a green backpack.
1	A lady stands outside of a Mexican market.	A girl is enjoying food at a Mexican festival
1	Several bicyclers are carrying their bikes up a grassy hill.	People carrying their bikes at night.
1	A gas station and a car on fire.	A car sets a gas station on fire.
2	An SUV traveling through mud.	Biking done on the rocky hill
0	Two women are hugging on a path through a grassy area with a cow visible past them.	There are women outside in this picture
0	A man in a red sweatshirt pushes a giant redwood tree in a snowy forest.	A man pushes a redwood tree in the forest.
0	A woman is weaving with a comb in her hand.	A woman is doing something with her hands.
1	A boy works on a project in shop class.	The project is a large percentage over his overall grade in the class.
0	A man wearing a jacket is listening to headphones while walking down the sidewalk along a street.	A person walking outside.
2	A beautiful bride walking on a sidewalk with her new husband.	Newlyweds sitting on a park bench.
1	A black dog is running through a marsh-like area.	A dog is chasing a dragonfly through the marsh.
2	A man in a black hat opens his mouth.	A man in black hat keeps his lips sealed.
1	A young redheaded woman laughs at something.	A fat redheaded woman laughs at something.
2	Three men are playing frisbee in the woods.	Three guys are hiking across the desert.
0	The woman in the black shirt hands papers to the children surrounding her.	Someone giving out paper.
1	An elderly man is smiling while sitting in front of a row of soda cans.	An old man collects soda cans.
2	A woman runs on the beach.	The old lady spends a good time relaxing on the lounge.
2	A mother and daughter walk along the side of a bridge.	A mother and daughter are eating spaghetti in a kitchen.
2	Children are playing outside in a fountain.	Some children sit and read in a library.
0	Someone in green pants is on a white snowboard in the air.	The person is snowboarding.
1	A little boy with a shirt, shorts and socks on, standing on the beach.	A boy is watching the ocean.
2	Man playing a game with a young girl.	The man and young girl are talking to the moon.
2	A young boy swings a hula hoop while other children sit on the floor with their hoops.	The boy is sitting down
1	Three men drink at a reflective bar.	Three men are socializing during happy hour.
2	Group of men standing in a meeting room, talking.	A group of men are scuba diving.
2	A boy with no shirt is standing in water.	The boy is sitting on the couch.
1	Two guys playing soccer, one in red and the other in blue.	One of the men is a goalie.
1	This church choir sings to the masses as they sing joyous songs from the book at a church.	The church has cracks in the ceiling.
2	These girls are having a great time looking for seashells.	The girls are taking a nap.
1	Six women wait to use a port-o-john in a field.	Friends are waiting together.
0	A blond man playing a guitar.	A man is playing a guitar.
0	Am man riding a very tall bicycle down the street, past a large brick building.	A man rides a bike outside.
0	A man holding a yellow surfboard facing the ocean.	A man is holding a surfboard.
0	Four young girls playing in the water.	Four girls are in the water.
0	A man on a skateboard on steps in front glass doors of a brick building.	The brick building had glass doors in front
2	A boy plays basketball.	A boy is playing football.
2	A man holding girl at top of a slide	A man with a girl on a swing.
2	A bald person in green clothing stands in front of a brick wall.	A hairy person naps.
2	A young couple sitting in a black chair smiling.	Two young people are angry.
0	A man dressed all in black puts his hands on an art sculpture.	There is a sculture
0	Four individuals are sitting on a small dock by the water as a boat sails by.	Four people sitting by the water.
0	Three young girls in winter clothing and hats look at disposable cameras they are holding.	The young girls are together
2	A group of people are walking down a busy street.	A group of people are sitting in the library.
2	Several children are standing on the beach.	The kids are in the back yard.
1	Two black labs run, one carrying an orange dog toy.	Both dogs are female.
2	A man wearing a red uniform and helmet stands on his motorbike.	a man sitting in a car.
1	Black dog running very fast.	A dog is chasing a duck.
2	a group of construction workers busy refinishing a subway station.	A group of workers on their lunch break.
1	A woman wearing white and black carries a serving tray.	A woman is carrying a serving tray filled with tiny sandwiches.
0	3 young man in hoods standing in the middle of a quiet street facing the camera.	Three hood wearing people pose for a picture.
2	A child is surrounded by a field of sunflowers.	An old person in a field of poppies.
0	The girls walk down the street.	Girls walk down the street.
0	A girl in a red and white uniform is swinging a bat.	A girl in uniform is swinging.
0	A man wearing a black jacket stands next to a body of water.	A person is outside near some water.
2	A blond-haired doctor and her African american assistant looking threw new medical manuals.	A man is eating pb and j
0	A young boy sits curiously on a rock near the water, looking at his reflection.	A kid is outside looking into the water.
0	A girl climbing a chain link fence.	A girl is on a fence.
0	A man in a plaid red shirt casts his fishing line out into the water.	A man is fishing.
0	Children bathe in water from large drums.	The kids are not reading.
0	Two small children walk away in a field.	Two small children walk outdoors.
0	a red-haired woman playing the violin	A woman is playing an instrument.
0	A moving truck with a ramp still attached.	A truck with a ramp attached.
1	two women in lingerie with green feathers around waist	A pair of strippers do a dance
2	Two bearded men sit side by side.	Three women are sitting on a blanket.
1	A child in a maroon shirt playing next to a fountain.	The child is getting wet from the fountain.
1	One man in baseball cap looks out while two men look down.	Men are lamenting the fact that their team lost.
2	The man walks among the large trees.	The mas is walking next to dogs.
0	Man and a child at an exhibit booth looking at something.	A man and a child look at something.
0	People are standing next to a chain link fence.	The people are outside.
1	Two men are wearing caps are looking at the ground with surprised expressions on their faces.	Two men are mud wrestling.
0	A skier is heading into a grove of trees.	There is snow on the ground in this picture.
0	A woman in a green flowered dress is holding a container of yarn animals.	A lady in a dress has a container of yarn toys.
0	A man is hanging sausages in a market.	A person is hanging sausages in a market.
2	A group of people in an alley looking at the camera.	People are on their computer
0	A man, woman, and child get their picture taken in front of the mountains.	People are outdoors.
2	The indian's are performing a sacred dance.	The Indians are building sand castles.
2	A toddler is intrigued by a toy lego set in a bookstore.	A child is chasing a rabbit in the yard.
0	A man trying his hardest to climb up a rope.	A man is climbing a rope.
2	Three children are shooting guns in the woods.	Three children are making a cup of tea together.
2	Some men and boys are playing with a Frisbee in a grassy area.	A group of people play football.
2	A man sits writing at a table set up on a sidewalk.	A woman stands on a street corner.
2	A girl with black pants on is lowering a camera onto the running track.	The camera is being thrown by the girl
0	A patient is being worked on by doctors and nurses.	Someone is at the doctor.
1	A black and white dog jumps for a tennis ball.	A border collie is jumping to catching a toy.
1	A young couple holding hands in the park.	A man and woman are on a date.
1	The players manuever for the soccer ball.	Soccer players play outside.
0	A group of people and a dog sitting on the steps.	A group of people are sitting with a dog.
2	At least eight people are sitting at a table in a building that overlooks the city.	People sitting on the floor
2	The pitcher is pitching the ball in a game of baseball.	The boy plays basketball.
2	A young boy with a shaved head and dirty white collared shirt holds a chicken in his arm.	The young boy went swimming.
2	Nurses in a medical setting conversing over a plastic cup.	The nurses are eating lunch.
2	A group of people watching a boy getting interviewed by a man.	A group of people are sleeping on Pluto.
2	This child is on the library steps.	The child is on the school steps.
2	A group of people are in a rowboat in the ocean surrounded by seagulls.	A group of people are inside watching a hockey game.
2	Several men at a bar watch a sports game on the television.	The men are at a baseball game.
2	A person doing a trick on a snowboard.	A person is ice skating.
2	A couple of newlyweds kissing underneath the bride's veil.	The newlyweds are actually vampires.
1	Stick figures in the middle of the street.	A painting of a stick figure
1	A man wearing a business suit holds up a drink as the other laughs.	some men drinking at the bar together
2	A man sits outdoors with some of his belongings.	A man is inside.
1	Shadowed cyclist jumps over camera at sunset as shadowed photographer films.	A cyclist is performing for a new sports show.
2	A woman wearing a bright orange blouse is weaving.	A woman is ironing red pants.
0	A young male wearing a white shirt with a character outlined very darkly.	A young male in a white shirt.
1	A young boy in a dental examination.	A young boy is getting a cavity filled.
0	A woman in a gray dress walks down the street.	A woman is outside.
1	An old woman and a young man examine their bingo cards.	A woman and man are checking their bingo cards to see if they won
0	Three people in uniform are outdoors and are observing a scene which is out of the picture.	Uniformed people are outside
0	Six women wait to use a port-o-john in a field.	Women are outside.
0	A man in an orange hat holds a ball.	A gentleman wearing an orange hat has a ball.
0	A group of brown-haired teenagers doing laundry.	Group of teens are doing laundry.
1	Group of young adults posing for picture near spanish-language sign.	The people are tourists.
2	A man is reading a book while sitting on a bench outside of a bookstore.	A man is playing video games on his phone.
0	a wet golden retriever is walking through a lake	A wet golden retriever is in a lake.
0	A man is posing on a ski board with snow in the background.	A man is posing.
1	A person sitting on a rock beside a waterfall.	A person is taking a break from walking
1	A man preparing to bat in a baseball game.	The man is on a team.
1	2 women and 2 girls crossing the road	A group of girls and women are laughing as they cross the road.
0	A person in a ken-do outfit is standing there waiting.	A human standing.
1	A woman within an orchestra is playing a violin.	A woman is playing a concert.
0	An Ambulance is passing a man wearing a bandanna and girl.	The ambulance isn't stopped by heavy traffic
1	A man is steering his ship out at sea.	A man is sailing to Cuba.
1	A man waiting for the bus in a war torn country.	A man is waiting for a bus sitting on a bench.
0	A little girl on a piece of playground equipment	A kid is doing a thing outside.
2	A person is squatting down near buckets, holding something in one hand.	Someone is standing with a bucket on their head.
1	A group of students are walking through the campus.	There is a school tour going on
2	A group of attentive students are paying attention to a college lecture.	Students are at the park.
1	A young black man is getting his hair buzzed off.	The man has long hair.
2	A girl in a white knit hat and winter gear rubs her tongue over her braces.	The girl is ready to go swimming.
0	A man with a blue, collared shirt sits in front of another man.	a man sits in front of another man
1	Two men, wearing identical shirts look into a classic car hood.	Two people are working on their vehicle.
0	A middle eastern marketplace.	A foreign store.
1	Some dogs are running on a deserted beach.	They are in Hawaii.
0	A man plays a piano painted with an image of a woman on it.	A man plays a piano.
1	A fat woman wearing faint blue top is blowing soap bubble.	A fat woman is wearing pants.
2	A band playing on stage in a club.	The stage crew is cleaning the stage
0	A baby sitting in a highchair looking delighted.	The baby is smiling
2	Asian people about to perform animal balloons.	dog looks at the pond
0	Four men in safety gear, one holding a camera, are standing on a platform.	The men are working
0	A blue truck is driving on a desert road carrying several people and lots of assorted cargo.	A truck driving
0	Two teens trying to win a prize at a carnival.	Two humans are outdoors.
1	The pitcher is pitching the ball in a game of baseball.	The pitcher wants to strike out the last player on the team.
0	A toddler is sitting at the bottom of a slide and smiling.	A child is playing.
0	An enthusiastic boy pushes a shopping cart containing a smiling boy.	A boy is pushing a shopping cart
1	A student in a green shirt is writing in a notebook.	A student studying for a big exam
2	A young boy in green shorts balances on a pipe above a river.	Nobody is balancing.
2	A chef explains different varieties of Tomatoes to consumers.	THe chef is eating fried chicken.
1	A man working at the top of a telephone pole.	A man is checking the telephone wires.
1	A bearded man sits near a white van.	A man waiting for someone near a white van.
0	a blond woman kissing the cheek of a brown-haired man.	A man and a woman sharing a kiss on the cheek.
2	A group of people are standing on steps in front of a building.	A man in a blue shirt poses for the camera.
0	a young boy using a field microscope to identify a field specimen during a field trip.	The boy is looking through a microscope.
0	A child in a maroon shirt playing next to a fountain.	The child is at play.
2	Three men are sitting on a beach dressed in orange with refuse carts in front of them.	Empty trash cans are sitting on a beach.
2	A lab dog is standing on a fallen tree trunk with a guy in the background.	the animal is sitting under tree
1	A fisherman using a cellphone on a boat.	A fisherman uses a cell phone to call his wife.
1	A man in an orange jacket reaches under a busted up blue car on wooden supports.	A man is repairing a car.
1	A dark-skinned person, crouched while painting a sign.	A black man is painting a protest sign.
2	A man in a market holding some very large green onions while smoking a cigarette.	A man is holding apples.
0	A man in a suit with a purple striped tie talking to a lady wearing sunglasses.	A man is chatting with a lady.
2	Some folks pick out the food they want at a party.	A study group sits at a table in the library.
1	A surfer is riding a wave in a large body of water.	This is his first wave of the day.
1	man doing carpentry or construction on top of an unfinished building.	The carpenter was almost finished.
0	A woman in white climbs up a metal structure.	A woman is being athletic.
2	Three children in a black dog kennel.	There are dogs in the kennel.
0	A woman plays in the wind, with a furry brown dog.	A woman is playing with her dog.
2	People at a farmer's market.	People are at a grocery store.
2	This is when daddy taught her how to ride her scooter.	the daddy is dead
1	a breakdancer man is performing for the kids at school	A man is performing for children for fun
0	A white dog with brown spots running on a dirt path	A dog runs on a path.
0	A dog with a purple leash is held by a woman wearing white shoes.	A woman is holding a leash on her dog.
0	Expert snowboard is trying a new trick.	The person is snowboarding.
1	A black man wearing a down jacket with his arms spread and holding a pink comb.	A man was wearing a jacket in winter.
0	Woman reading a book with a grocery tote.	A woman is holding a book.
2	Three girls jumping in front of a house's flower garden.	The girls are playing on a street.
0	A man dressed only in a towel is in a sauna.	A human not wearing any clothes is in a room.
1	A historic-looking building.	An older building
2	A young man waits on a bench with his bag behind a few advertisements in London.	The young man is 60 years old.
1	An elderly man talking to a young boy by a table of produce.	the boy was listening
2	A drunk looking woman is hugging a drunk looking man.	A young boy and girl embrace in front of monkeys at the zoo.
2	Little boy getting soaked playing an outdoor water game.	A girl is playing the piano in her living room.
0	A young woman is wearing a paper crown at an outdoor event.	the woman is outdoors
2	There is a green trash truck in road with a person sweeping sidewalk.	A woman mops.
1	A man stands by two face structures on Easter Island.	A tourist has his picture taken on Easter Island.
2	Two dogs run together near the leaves.	The two dogs are sleeping on the pile of leaves.
0	The dogs are playing on the bed.	Dogs playing together inside.
2	A child plays with her father's boots.	A child is playing with her mothers' shoe.
0	Man in chair laughing and talking to others, while handling books.	Man handling books while sitting in chair.
2	A woman wearing purple and carrying a bag is walking out of a door.	A woman is wearing green.
2	A boy and a woman are on top of large rocks at sunset.	The sun is at its highest point of the day.
2	A young girl in glasses observes something in the distance.	A girl sleeping on the ground.
2	A dog jumping for a Frisbee in the snow.	A cat washes his face and whiskers with his front paw.
0	A young boy giving his brother a piggyback ride	a boy is giving his brother a ride
1	A little girl listens to a cellphone.	She is talking to her dad on her phone.
1	A silhouette of a man fishing.	A man took a fishing trip.
0	Three sailboats with white sails are seen on a riverbank.	The boats are on the water.
0	a child playing with two brooms in front of a pine tree with lights on it.	a child plays with two brooms outside
1	A helmeted male airborne on a bike on a dirt road.	The man doing a trick in the air.
2	One female and two male musicians holding musical equipment.	There four females
0	Two boys in a canoe in front of a larger boat with a storm coming in.	Two boys in a boat
1	A young boy wearing an orange uniform stands on the field near a colorful ball.	A boy is with a soccer ball.
1	A male wearing a football uniform kicking a football during a football game.	A football player is trying to score a goal.
2	Spectators look on as a baseball player runs onto a base while the baseman waits to make the catch.	a cat jumps high
2	A man looks mysterious in a blue shirt and a red truck for a company called Wilbert.	A woman cuts eggplant.
0	Two men stand near a piece of large machinery.	The machinery is very large
1	The white dog is pulling a large stick.	The dog is playing tug of war with a stick.
0	A man in neon green Seahawks sweatshirt leans on a railing.	A man is wearing a football sweatshirt.
0	A runner poses for a picture with friends in a parking lot.	The runner is posing for a picture.
0	Two little girls reading a book at the library.	The girls are in a library.
0	A man and a woman are holding hands on the shore of a lake.	A couple holds hands on the shore.
1	A rugby player swings his leg back to punt the ball.	The rugby player is tall.
1	Five boys in blue shirts drawing at a table.	The boys are working on an art project.
0	A smiling woman and man are seated in front of a microphone in a music studio.	A woman is smiling.
1	Guy in uniform standing on the side of a boat moving through the water.	A man in the Navy is sailing through the water.
0	Two dogs are looking through a rusty wire fence.	Two dogs are in the yard.
0	A woman is petting a dog outside.	A person and an animal are interacting out of doors.
0	A child being watched while getting something out of a tank.	The tank has an opening.
2	A man wearing a jacket is listening to headphones while walking down the sidewalk along a street.	A baby sits in a crib.
2	Two men prepare a fish at a dock.	Two men are sitting in a canoe with their fishing poles
0	A group of men and women are sitting at a table eating and drinking.	A group of people eating and drinking.
0	A woman wearing a straw hat is sitting among a variety of different foods while holding a drink.	A woman is sitting near food.
1	Two men are loading bales of wheat on top of a high structure on a cloudy day.	The two men are not wearing shirts.
0	A boy runs as others play on a homemade slip and slide.	A boy is running.
1	A group of swimmers jump into a pool.	A group of swimmers jump into a pool during a swim meet.
2	Young child standing on a snow pile in a city.	a man on a pile
0	An Asian woman dressed in a colorful outfit laughing.	A woman is wearing colorful clothing.
2	A father and son are in a field of yellow flowers.	People are moving a sofa.
1	A shirtless man skateboards on a ledge.	A tall person without a shirt
0	A young boy in a red shirt is wearing a helmet while sitting on a motorcycle.	A young boy wears a helmet while on a motorcycle.
0	A man does a skating trick off of graffiti-filled stairs.	A man skates outside.
2	Two people climbing up some sort of wore structure.	Two people take a ship to the moon
2	kids are looking at something on a table.	Some kids are burning the table down.
1	Man in chair laughing and talking to others, while handling books.	Man sells books to crowd.
2	The young man in the plaid shirt is sitting on a chair that is out in the yard.	A boy is watching a cartoon from a recliner.
0	A red dog jumps and catches a tennis ball in its mouth.	a dog catching a ball
2	A boy in an all blue uniform kicks a blue soccer ball in a grassy area.	A boy is playing with a squirt gun.
2	A younger couple is walking across a crosswalk outside with a very busy bus stop behind them.	There are people inside of a store.
0	A road worker is holding a stop sign to direct traffic.	Traffic is being directed by a road worker.
1	One woman taking a picture of a second woman as she leans on a table.	Women taking pictures of each other at a restaurant.
1	kids are looking at something on a table.	Some kids are looking at an insect on the kitchen table.
2	Two men are dressed up as snowmen.	two women are dressed up
2	A swimmer is performing the breaststroke in an indoor swimming pool set up for a competition.	A man is riding a bike
2	Three bridesmaids in blue dresses hold the train of a bride's wedding dress.	The three women are exercising in an aerobics class.
0	Group of people standing and sitting in a field of grass.	The people are outside
0	A group of motorcycles wearing black.	Some motorcycles wearing black outside.
1	A grim looking man with sunglasses pilots a boat.	The hungover man drives his boat to work.
1	Two men help each other cut a sheet of plastic.	Two friends help each other by cutting some plastic.
0	Construction worker standing atop an unfinished building.	The construction worker is standing.
1	Man sitting playing guitar.	A man is sitting by a campfire, playing guitar and singing.
1	A speaker is talking with a TV in the background.	The tv volume is turned on low.
0	Many people on the beach holding a very large net.	There are many people in this picture, and they are all outside.
2	Two people are setting up a photo shoot of a mobile in a white room.	The room is black.
2	A tall elder man is standing with his hand around another shorter elder man in the middle of the city	they are sitting on a couch
2	Two girls looking into camera and smiling	The weeping girls have their picture painted.
2	A woman and a young girl are eating side by side.	A man folding his laundry.
1	The person is fishing, with waves splashing around him.	There are lots of fish landing on the person's line today.
1	A dog is walking down steps.	A large dog is walking down the front steps.
0	A cowboy riding a horse at a rodeo.	cowboy riding his horse
0	Three girls blow out the candles of a cake made of Peeps.	There are three girls and a cake
0	A woman with a cart of eggs walks in a market.	A woman browses a market
0	A dark-haired man wearing a black and white t-shirt eats in a park surrounded by people.	A man is eating.
1	An Asian man is performing with face paint on.	The Asian man is drawing a crowd.
2	A dog carries an object in the snow.	A dog is asleep in its dog house.
1	A teenage girl in a crowd of people looking up at something.	no one saw the rainbow in the sky
1	Two people are standing at the end of a wooden dock.	Men fishing from a long wooden dock.
0	A middle eastern marketplace.	A middle easten store.
2	Young Asian girl is sitting on the ground in rubble.	The young girl is walking among the tulips.
2	A kneeling man bends his ear to listen on another in front of a guitar and audio equipment.	Two men play chess together.
1	A man and a child are laughing at each other.	A man and his daughter are making funny faces.
0	Man in traditional costume holding small guitar with a silver bike behind him.	A man is holding a musical instrument.
2	Some children are playing soccer in front of a large wooden door.	The kids are at the beach in the sand.
2	The coaching official and football player are talking in front a crowd and other team members.	Nobody is talking
0	Artist on street corner selling his artwork.	Someone is selling paintings.
0	A mountaineer about to descend down a mountain with a blue helmet on.	A mountaineer is standing on a mountain.
2	A man laughing while at a restaurant.	A man crying while at a restaurant.
0	Two women are getting their pictures taken with a man in his underwear.	There are 3 people in the picture.
0	Two boys run to the entryway of an old building.	Two young men are in a hurry.
0	A man in a white shirt and baseball hat is pushing a cart carrying several bags on a street.	A man is walking outside.
1	A man with no shirt on is performing with a baton.	A man is trying his best at the national championship of baton.
1	A man trying his hardest to climb up a rope.	The man climbing a rope to get to the top.
0	A girl in a costume is performing a dance as other girls in costumes watch.	A girl is dancing.
2	Two little white dogs running.	A dog is sitting in a car.
1	Several men at a bar watch a sports game on the television.	There are men drinking beer at a sports bar.
0	Two silhouetted people paddle a canoe on the ocean during sunset.	two people paddles a canoe on the ocean
1	A man of the cloth puts a black substance on a man's forehead.	The men are at church.
2	Four people walk across stepping stones in a body of water.	Three people are riding in a boat.
0	A man is holding an accordion while leaning against a brown fence that overlooks some water.	A man leans against a fence
2	A girl playfully kicks a guy in the face while another person makes faces.	The boy is at a boxing match.
0	A group of people look to the side and a boy starts to run.	The boy started running.
2	A boy in shorts doing a skateboard trick.	a boy swimming in the ocean
1	A girl in a yellow dress looks at a restaurant building.	A girl debates eating at a certain restaurant.
1	Three women sit together near woven walls.	The woven walls are multicolored.
1	A man in a black leather jacket and a book in his hand speaks in a classroom.	A man is teaching science in a classroom.
0	A young boy in green is practicing kicking.	the your boy is excercizing.
1	A boy wearing a helmet is jumping his skateboard.	A boy is jumping his skateboard while his friends watch.
2	A man is sitting on a blue bench with a blue blanket covering his face.	A man is playing chess while wearing a green tutu.
1	Three men dancing as a group of people watch.	three men are a dancer
2	A man and a woman are dancing in the crowd.	a man and woman dance alone
2	A couple is sitting down smiling, with the woman linking arms with the man.	A couple is standing and frowning.
2	Two men are assisting a small girl in a harness.	The men tying the girl up.
0	The sun breaks through the trees as a child rides a swing.	A child rides a swing in the daytime.
1	A man walking and carrying a notebook.	The man is on his way to class.
1	A man in khakis sitting at a table with a sign that reads "poet for hire."	The guy is looking for a job.
1	A man is dancing in front of a band.	The man is having a good time.
1	A man is holding a cigarette outdoors in front of a blue wall with a sink on it.	A man takes a smoke break from work.
2	a black dog chases a boy wearing red and blue.	a dog chases his tail
1	Two men walking in summer attire.	Two men are walking down the sidewalk.
1	Several women wearing dresses dance in the forest.	The women are older
1	Expert snowboard is trying a new trick.	The person is snowboarding on top of a mountain.
0	A man in green pants and blue shirt pushing a cart.	There is a man wearing cloths.
0	A snowboarder is grinding down a long concrete rail.	The snowboarder is grinding a rail.
2	A baby sitting in a highchair looking delighted.	The baby is crying.
0	Three men sitting in a room looking at their one motorbike and one pedal bike.	Men look at their bikes.
2	People gathered around a table with food and wine on it.	A man is riding a bicycle down the large hill.
1	A girl playing soccer in a green field with some trees in the background.	The girl plays soccer with some friends.
1	Child getting ready to go down a slide.	The child will go down the slide.
1	A woman sweeping in front of a ladder on a busy street.	An employee keeps a storefront looking tidy
1	A Man is eating food next to a child on a bench.	Man eating his food while sitting with his daughter.
1	A boy on a skateboard in midair	The boy is doing a trick.
0	An old woman and a young man examine their bingo cards.	An old woman and young man are playing bingo.
1	Two workers in green uniforms are standing in an alleyway.	The workers are brothers.
0	A man in jeans and a brown shirt jumps high in the air in a living room that has a fireplace and wooden floor.	a man jumps high
2	A little boy is getting is birthday cake and is blowing out the candles.	A girl at school getting a ruler.
1	A man in a yellow shirt and helmet mountain biking down a dusty path.	A man with headphones is biking.
2	Several younger people sitting in front of a statue.	several young people are sitting in an auditorium
2	A man in dark clothing walking in a transit station.	A man wearing a white suit at a wedding.
0	This church choir sings to the masses as they sing joyous songs from the book at a church.	The church is filled with song.
0	A man on a ladder in tall grass.	The man is outdoors.
1	Man and a child at an exhibit booth looking at something.	A man and his son are looking at something.
2	A little boy in flannel pajama pants and an orange shirt is playing the guitar on the couch.	The boy plays the flute
2	A small girl in a green shirt plays on a swing.	old lady sitting on a chair.
0	It is a march of people of different backgrounds all walking and one guy in a green shirt holds a flag.	A man holds a flag.
0	A young man in a blue hoodie doing a flip off of a half-wall that is covered in graffiti.	A man does a flip off a wall.
0	A young boy hanging on a pole smiling at the camera.	The young boy is smiling.
2	A woman in a black coat eats dinner while her dog looks on.	A woman is wearing a blue coat
1	A cyclist dressed in black and white is pointing.	A cyclist dressed in black and white points towards the sky.
0	A young woman is about to descend the stairs into a metro station.	A young lady is outside the train station
1	A man wearing a welding mask working on a duct.	The man is kneeling down.
2	A woman in a pink top is holding a glass bottle in one hand and a Stitch doll in the other.	The doll isn't Stitch
0	A cheerleader in a tight red and white uniform is passing out white t-shirts at a sporting event.	A cheerleader passes out shirts
2	A golfer shoots his ball out of a sand trap.	A duffer hits to the green using a sand wedge.
1	A group of individuals are sitting together in a room.	The people are celebrating their father's birthday at a local restaurant.
2	An orange on the floor next to a dog.	The fruit next to the dog is an apple.
2	A fat woman wearing faint blue top is blowing soap bubble.	A fat woman is topless.
2	A shirtless man skateboards on a ledge.	Everybody has a shirt
2	Three hikers and a dog are walking through the foliage on the hillside.	People are walking along the beach.
0	A small quaint town all lit up during the holiday season.	There are lights in the town.
1	A man in a blue jacket holding a handsaw sawing a pipe on top of a wood fence.	Somebody is wearing work gloves.
0	A young boy, wearing a jesters hat is enjoying himself sledding.	A boy wearing a goofy hat is sledding by himself.
0	A man in a short Mohawk and beard.	The man has a beard and a short Mohawk haircut.
2	A carpenter is working on a roof at a house being built.	A boy is jumping up and down.
1	a woman in a black shirt looking at a bicycle.	A woman dressed in black shops for a bicycle.
2	A surfer is riding a wave in a large body of water.	The surfer is skateboarding.
2	A girl playing soccer in a green field with some trees in the background.	The soccer ball is chasing the girl.
0	The man is trying to make a pottery that he can market soon.	An old man is making pottery to sell.
2	Two people in coats kiss on the side of a road.	Two married people avoid looking at one another.
0	A couple sits in the grass.	People are outside.
1	A woman wearing a yellow jacket skis down a snowy hill.	A woman skis down a hill with a few friends.
2	A girl in a red and white uniform is swinging a bat.	The boy is swinging at his baseball game.
2	An Asian wearing a pastel print shirt and sunhat pushing his cart up the street.	An Asian man is reading the paper.
2	Two girls walking, both with a white shirt and blue shorts on.	Two boys are walking together in white shirts and blue shorts.
1	Man in robe making designs on dirt ground.	An artist preparing some sketches in the dirt.
0	One woman taking a picture of a second woman as she leans on a table.	Women taking pictures of each other.
1	A group of Asian girls are standing together.	The girls are standing outside.
2	A clown performs in a park among other people.	A killer seeks prey.
0	Several women are playing volleyball.	A bunch of women are playing volleyball
0	A boy in a blue jacket rides a skateboard down the street.	A blue jacketed boy is skating down the street.
2	A man performing auto repair in front of a building.	The man is swimming in a pool.
1	A man in a plaid shirt is walking on a street where there are advertisements in Chinese.	He is Chinese.
0	Group of young adults posing for picture near spanish-language sign.	The people are near a sign.
2	The woman in the black shirt hands papers to the children surrounding her.	Woman is keeping the paper to herself.
1	White dog high jumping over some pillows.	The dog is jumping over some pillows to get to a treat.
1	The little boy is smiling as he crosses a rope on an assault course.	Some people have gone to the woods for training.
0	A black man in a long sleeves white collared shirt and a tie is walking to work in a big city.	The man is moving.
1	A birthday party for many little people to enjoy.	Children at a birthday party.
1	Person parasailing with a board in the ocean.	This person is looking at other people.
2	A woman and little girl look into a display case.	A women is sitting alone on a couch with no other human around.
2	a woman working in the storefront of a jewelry shop fixing the display shelf.	A woman buys a ticket at a movie theater.
2	Some cars and many tents are set up at the foot of a mountain.	No one was able to drive to the camp site.
2	Some people are standing in a room around a circular reception desk.	A man is dragging a couch across the room so he can vacuum.
1	skateboarder sliding down a ramp	A skateboarder is taking pictures of himself with his phone.
1	An Indian woman is dancing with her partner.	A woman has dark skin.
2	A black-haired woman with her hair in a high bun is having her head shaved by another woman.	Everybody is bald
0	people are sitting on a bench in front of buildings.	Some people are seated on a bench outside.
0	A train conductor in coveralls is standing in the door of the trail.	A train conductor is standing in a door.
2	A man with a plaid shirt stands with his hand on hip at an opening of a large tree.	a man at the opening of a small bush
1	Two smiling young girls wearing plastic sunglasses are lying on the grass.	The two girls are sisters.
1	People are sitting in a cheery Mexican restaurant.	People are listening to mariachi music
2	A rugby player swings his leg back to punt the ball.	There is a person sitting on the bed.
0	a teenager laying down with paper crafts strewn about the floor	The teen is laying down in a mess.
2	Indian men selling food items on the sidewalk	Men are buying food on the sidewalk.
2	A child is sticking her head out of the 0095 taxi cab and screaming.	A child is at home, resting.
2	A yellow backhoe near a large pile of dirt and rocks near a blue machine with a worker standing on it.	A worker is on a break.
0	A water scene with a sunset in the background.	There is a water scene with the sunset in the back.
0	Two young boys playing with ducks near the water.	Two young friends play with ducks
2	A young blond boy is eating cake with a spoon.	a girl is eating cake
0	An oriental woman cleaning wood outside from a bucket.	A woman is cleaning wood.
0	A brown and white dog holds a tennis ball in his mouth.	A dog mouth holds a retrieved ball.
0	A man sits on a couch beside a colorful cushion with a pencil in his hand.	The man is holding a pencil.
2	Two guys in blue shirts talking.	Two men wearing different color shirts walking past each other.
0	A woman wearing a red helmet is holding a rope and smiling.	A happy woman is holding rope.
0	An older man in a printed shirt, smoking on a busy street.	A man is smoking on a street.
1	Two boys in a canoe in front of a larger boat with a storm coming in.	Boys trying to escape an incoming storm
0	A snowboarder with a maroon coat sails through the air.	A person is snowboarding.
1	A group of three people and one dog hike up a green mountainside.	People are racing up a hill.
0	A young woman is ordering from a red food truck.	A young lady is ordering food.
0	Two little boys are standing in a kitchen.	The kitchen is not empty.
1	A man in colorful shorts is surfing under a wave.	A man on vacation is at the ocean.
2	A man with a beard is playing an acoustic guitar on the street.	A woman flashes bystanders.
1	Three kids in a forest standing on a tree log.	Children enjoying nature.
0	A soldier using binoculars in a desert.	A soldier using binoculars outside in the heat.
0	A brown dog is in the middle of a line of dogs chasing a dirty tennis ball over dirt.	The dogs are chasing a ball.
0	A man in a brown jacket stands with his arms spread.	The man is upright.
0	A musical group performs on stage with their instruments.	A group performs with instruments.
1	A female in the middle of a vehicle is holding a camera and is pointing it towards the backseat.	She is listening to music.
1	A dog hides in the tall grasses along a rocky shore	The dog loves to be here.
1	A younger man dressed in tribal attire.	A young man wheres tribal clothes for a ceremony.
1	A young man standing outside a laundromat.	A man is waiting for his clothes to finish at the laundromat.
0	A fireman with a neon helmet and a pickaxe inspects some debris with a flashlight.	A fireman with an axe looks at some debris.
1	A person is walking a bicycle down a city street.	The bike has a flat tire.
0	A young blond boy is eating cake with a spoon.	a little boy is eating cake
1	A young girl in a pink shirt playing with her barbie.	The young girl is having fun.
2	many children play in the water.	The children are playing mini golf.
0	A woman leans over a small fence to take a picture of a yellow flower.	A woman is taking pictures
0	A toddler sits on a stone wall surrounded by fallen leaves.	A little child sits quietly on a hand built rock wall in autumn
0	Two people are riding at once on one single bicycle.	Two people taking a ride together on a bicyle outside.
2	Three people on skis are standing behind a no skiing sign.	Three people sitting by a fire.
1	A dog opens its mouth to catch a blue and yellow toy.	The puppy is chasing a ball.
1	A man and two kids standing in front of an ancient building.	A man is standing with his sons.
0	A man has wrecked his racing bike in the dirt with five spectators behind a rope.	A man has damaged something.
2	A man does a skating trick off of graffiti-filled stairs.	A man yawns and stretches, tired from a day of work.
0	A man and woman setup a camera.	Two people setup a device
2	A girl wearing a scarf is brushing a horse.	A girl is sitting on a park bench holding a puppy.
2	People are sitting in a cheery Mexican restaurant.	People are ready to order Chinese food
1	Two guys one in a red jacket the other in a leaf print shirt cutting cakes, they look ready to dig in.	The guy is wearing a cap.
1	A man is hanging sausages in a market.	A sad man is hanging sausages in a market.
2	A woman in her swimsuit is kicking a ball on the beach.	A woman lounging on the beach.
0	A young woman dressed in black attaches bags full of flowers to a bicycle.	The woman is wearing dark clothing.
0	A man rides a bicycle while a young girl holds onto the back of him.	A man rides a bike.
1	Man straining to climb cliff face.	Man reaching up to secure a handhold on the cliff face.
2	A woman raises her arms as she looks out over the water at the setting sun.	a woman sleeping in front of a fire
1	Six men in airport standing on moving walkway	Six men are trying to get to their gate at the airport.
1	A bald man with a white shirt and watch eating food and drinking wine.	The man is homeless.
2	A gymnastics performer is in mid-pose as she completes her jump.	A gymnastics performer is stretching.
0	Family gathered together in a house enjoying each other company.	A family is enjoying a night at home.
1	A tree worker with a hard hat is cutting down a branch.	The tree appears to be dead.
2	A man wearing black pants and a helmet is riding a brown horse.	A man is riding a mammoth.
1	The two boys are swimming with boogie boards.	The two boys are swimming and catching a wave
2	A young man is playing a blue guitar.	An old man plays the violin to a group of people.
0	Two men entering a brick home during the snow.	There is snow outside
0	Some children are playing soccer in front of a large wooden door.	The kids are playing soccer.
0	A person throws a red toy for a dog to run for.	A person throws a toy for a dog.
1	A man playing billiards at a bar.	A man is playing with friends.
0	A man biking down a tunnel.	A person is on a bike.
0	Two people are playing wiffle ball in a suburban area.	People are playing a variation of baseball.
1	Two identical brown dogs side by side holding something white in both their mouths.	Two litter brothers fight over a bone.
1	There are two young ladies jogging, by the ocean side.	Two women are running late for a meeting.
0	a small brown and white dog swimming through the pool next to a man.	A man teaches his puppy how to swim.
1	Island native fishermen reeling in their nets after a long day's work.	The men caught many fish.
0	A man is holding a child on his shoulders.	A child is going for a ride on that man.
0	Two men in karate gear using fighting sticks.	two karate men sparring with sticks
1	A man in the bucket of a chery-picker cuts down branches using a chainsaw at the end of a long pole.	A man is working in the sun.
2	A crowd of people standing in front of statues.	The statue is actually a gargoyle and it came to life.
1	A thin brunette woman lounges while reading on a rooftop overlooking a cityscape.	A woman is enjoying the outside weather
0	A brown dog jumps over an obstacle.	The dog is in the air.
2	A group of Asian girls are standing together.	There are boys standing together.
1	Two people talking on a dock.	fishermen at the dock
1	A man with a beard is playing an acoustic guitar on the street.	The man tries to make some money from tips.
0	Artists install a new exhibit in a gallery.	People put up new art at the towns local gallery.
0	A woman wearing sunglasses is frowning.	A woman wearing sunglasses is not smiling.
2	A softball player throws the ball to her teammate.	Two softball players are sitting on a bench.
0	The team swiftly moves their traditional boat down the river.	The people are in a boat
0	Men in an office with computers and a projector screen.	There are computers and a projector screen in the room.
1	People hurrying to get to work in a busy city.	People waiting at a bus stop.
1	A woman working long hours.	A woman is working in a factory.
2	Little girl is flipping an omelet in the kitchen.	A young girl cooks pancakes.
2	A man stands by a load of boxes near a pizza restaurant.	A man stands near a load of boxes on fire.
2	A hurried bicycler moves along a car in a busy street on an allowed bike path.	The cyclist is riding on water.
2	A young boy learns how to ride a horse	The child and his pet play on the bed.
2	Two people talking on a dock.	women shopping at the mall
0	A little dark-haired girl runs on the beach.	The girl with the dark hair is running in the sand.
1	A child stands in a shower with clothes on.	A child's clothes are full of mud in the shower
2	2 women and 2 girls crossing the road	Four male humans crossing the road.
2	3 young man in hoods standing in the middle of a quiet street facing the camera.	Three people sit by a busy street bareheaded.
2	Construction workers are standing upon on a wooden bridge.	The bridge is metal
2	Two men are drumming, one is standing and one is sitting down.	Two women are playing the flute.
1	There are two boats full of people in a river, one is stopped and the other is moving.	One of the boats ran out of gas.
0	A woman in a scarf, laughing, being licked by a dog.	A woman and a dog enjoy time together
1	The brown, furry animal is walking in the snowy grass with a tree behind him.	The animal is walking through a forest.
0	A man in a black shirt overlooking bike maintenance.	A man watches bike repairs.
1	Two teens trying to win a prize at a carnival.	The two young teens tried to throw the ball into the basket to win the big bear.
2	An old woman wearing a ski hat and glasses is sitting on a blue chair.	Nobody is sitting.
0	A policeman is sitting in a van looking out the window.	The policeman is sitting.
1	A woman wearing bike shorts and a skirt is riding a bike and carrying a shoulder bag.	A woman riding a bike to work.
0	The blue kayak is being ridden over a small waterfall.	A kayak is being ridden.
0	A woman in a hooded type coat is holding a golden colored axe.	A woman holds an axe.
1	A man is smiling at a woman in a white dress.	The man knows the woman.
2	Bicyclist ride the course near the ocean as the day comes to an end.	The cyclist was riding in the morning.
0	A dark headed woman picking out a green flower from a large bucket full of them.	A woman picks a flower out of a bucket.
0	A young boy wearing a red shirt runs along a gravel road.	A boy is outdoors.
0	Soldiers are holding guns and peeking around a building.	Soldiers are packing heat near a building.
1	Two young teenage girls hiking through the snow on a cold winter day.	Two girls with blonde hair are hiking.
0	Man with black shirt and sunglasses makes something out of a balloon.	A man makes something from a balloon.
0	A man in a navy blue shirt is tossing a boy with a large smile on his face high into the air.	A man tossing a child into the air.
0	An older man wearing stars and stripes rides a bike.	An old man rides a bike.
2	A woman with her face partially covered in silver face paint sits on a plastic tote looking in a mirror.	The woman is blind.
0	A group of people are sight seeing and taking pictures.	there are a group of people
2	Two women wearing aprons and hairnets look at each other while they reach into metal canisters.	No one is wearing aprons.
0	A small child with a backpack walks down a narrow road next to a painted wall.	A small child is walking on a road
2	A woman rests her head on a man's shoulder.	Woman baking cake for her husband
0	Two men heavily immersed in a conversation worth having.	Two men are talking.
0	a woman walking down the street.	A lady is walking down a street.
0	A man sitting on steps with a child as a bystander walks by.	A man and a child sitting on steps saw a bystander.
0	A woman in an apron is looking for bread.	A woman is wearing an apron.
1	A man in a purple and blue shirt and shorts is getting ready to hit a golf ball.	A man is on a golf course.
2	Two Asian people cooking on a grill in a park.	The couple are cooking in there home kitchen.
0	A man is holding on to a piece of rope, sitting in an inflatable boat, in front of several other larger boats.	A man is afloat.
2	Construction workers on lifts working on a building.	One man is painting a billboard.
0	A brown and black dog rubs his face in the grass.	The dog is outside.
0	Rock band on stage immersed in light show.	There is a light show.
1	children are sitting in chairs with a music stand in the background.	Children are having fun at Tommy's birthday party.
0	Three people sitting on some stairs laughing.	There are three people.
2	A male guitar player is vigorously singing a not to a song in a poorly lit room.	The man is buying a new guitar at the store.
1	A man in military uniform points as three other men watch.	the man is wearing green
2	A group of women sing together while wearing matching black dresses.	Some women are knitting at the cafe.
1	A man is doing a task by a body of water on a farm.	The man is practicing how to surf.
1	A red truck is parked next to a burning blue building while a man in a green vest runs toward it.	The red truck is a fire truck.
2	A man with a paddle stands next to a woman with a bikini top; and her arms are in a dance pose.	two men bellydance
1	A man wearing a black jacket stands next to a body of water.	The man is standing by a river.
0	A little boy punching out flashcards from the cardboard they came in.	A boy holds some flashcards in his hands
1	A young boy gets his photo taken with Mr. and Mrs. Clause.	A young boy's mother takes his photo with Mr. and Mrs. Clause.
0	an old shoemaker in his factory	The shoemaker is inside.
1	Cheerleaders in blue performing on a football field underneath a yellow football goal post.	A group of girls shake pom poms.
2	The man is sweeping with a red broom.	The man is dancing with a woman
1	A boy in an orange "Spring Hill" ball team uniform, pitching the ball.	A boy plays pitcher for the first time.
1	Several younger people sitting in front of a statue.	several young people sitting in a school courtyard
2	A woman, wearing a colorful bikini, rests laying down next to the blue water.	The woman is wearing a prom dress.
1	Tan dog running through long grass in a park-like setting.	A dog runs after a squirrel.
0	Four women are taking a walk down an icy road.	The women are walking on the ice.
0	A small Asian child rides on the back of a woman who is wearing a hat.	A child and woman are picture.
2	A young woman dressed in black attaches bags full of flowers to a bicycle.	The woman is old.
0	A man in an orange jacket reaches under a busted up blue car on wooden supports.	A man reaches into a car.
2	A small girl is swinging.	a puppy barks at a girl
0	a small brown and white dog swimming through the pool next to a man.	A man and a small multicolored dog are in the water.
1	A man on a ladder in tall grass.	The man is wearing glasses.
1	A group of smiling people are posing outdoors for a picture.	The group of people are smiling for their family photo.
1	People standing at street corner in France.	A group of people wait to cross a Parisian street.
1	Family gathered together in a house enjoying each other company.	A family is sitting together inside a house.
0	A boy and girl play together on a pile or rocks in a residential area.	The boy and girl are outside
2	An Indian woman stands in an outdoor marketplace.	An American shops at the supermarket.
1	Lab tech looking through a microscope in a lab.	The lab tech is looking at a cell sample.
0	A child plays with her father's boots.	A child is playing.
1	A girl with short hair and a white shirt is holding a beer bottle	The girl has just got down drinking the whole bottle.
0	While two students are jumping, others in a classroom are sitting or standing.	Two students jumping in a class.
0	An adorable child leaping to block a soccer ball from entering the goal.	A child blocks a goal.
1	A man smokes while leaning against a pillar, which has a "missing person" flier posted on it.	a man smokes a joint outside
1	A group of people standing in a restaurant.	A group of people are eating tacos at a restaurant.
1	A man in a black tank top wearing a red plaid hat	A man getting ready to play golf.
2	A man in reflective sunglasses, a skull T-shirt, and long red shorts sits out of the sun in a folding chair.	The man is standing.
2	A dog running in long grass, a housing development behind it.	A pet is sleeping by the fireplace.
2	A girl playing a violin along with a group of people	A girl is washing a load of laundry.
2	Children nap on a floor while others stand by.	Children are playing childish games while others stand by.
2	Three young women perform a dance in a crowded hall.	Three young woman are sleeping in a crowded hall.
0	A man in a bright yellow shirt juggles while riding a unicycle.	Man performs a juggling act on a unicycle.
1	Man walking a small pug.	The man is a mailman.
2	A man scales a rock climbing wall.	A man reading a book.
0	A younger man dressed in tribal attire.	A young man wears clothing.
1	A man in an overcoat putting on his gloves at a subway station.	A person is waiting for the train.
2	A couple walking down the street.	A couple dancing to music
1	A choir practicing in a church.	A choir is preparing to sing for a wedding.
1	A man in a market holding some very large green onions while smoking a cigarette.	A man is shopping in a grocery store.
2	A man holds a rope for a boy who's about to climb a wall.	There is a man climbing as the boy holds the rope
0	A man in aerodynamic gear riding a bicycle down a road around a sharp curve.	the man is riding outside
0	A police officer standing next his police motorbike holding a yellow safety jacket.	A police officer and his motorbike.
0	Two women in bathing suits play on the beach.	Two ladies are wearing swimsuits.
0	Women in red are performing with nun-chucks.	Women are wielding nun-chucks.
0	A young boy sits on the shoulders of a woman, who is carrying a young girl.	A woman is with a couple of children
0	A man in gray on a rocky cliff, overlooking the mountains.	A man can see mountains from where he stands.
2	A woman with a stroller is passing a man walking a dog.	There is a dog sleeping on the bed.
1	Two men and two women in jackets walk down a large city street.	People on a double date in the city.
1	A couple walking down the street.	An old couple walking, holding hands
0	A man wearing an oxford shirt, sunglasses, and a hat smirks.	A man with his outfit
0	A girl in black pants doing exercises.	A girl moving her muscles to get exercise in.
1	Man jumping over a rusty fence on a blue bicycle.	Man jumping over the fence on his bicycle trying to escape from the dog.
1	Three people wearing black blindfolds near a "Salvar O Planeta" sign.	they are protesting
0	A girl with short hair and a white shirt is holding a beer bottle	There is a girl holding a beer bottle.
0	A red hot air balloon lands in a field among a crowd.	A hot air balloon is making a landing.
1	A woman with a cart of eggs walks in a market.	A woman compares prices on eggs at the market
0	A man in a hat is driving a horse-driven cart down a cobblestone street.	A man is outside.
0	A woman crosses the street with a baby in her arms.	A woman crosses the street carrying her baby.
2	The man is throwing a toy to a brown and black dog in the park.	A man and a dog are sitting on the couch.
1	A little boy and his father talking to a man dressed as Santa Claws.	A boy and his father discuss Christmas with Santa Claus
2	A lady stands outside of a Mexican market.	Cats enjoy taco
1	A skateboarder with a black and white hat at the top of a jump on a snowy day.	A skateboarder is preparing for the new season.
2	pedestrian walking on the street	A person walking inside a building.
0	A dog jumps over a pile of wood.	A dog can jump.
2	A female guitarist is playing on stage.	The woman is playing the piano on the stage.
0	People sitting on benches in a public area.	There are people sitting on benches outdoors.
2	A man playing an electric guitar on stage.	A man playing banjo on the floor.
2	A woman is carrying two children in the middle of a large crowd.	the woman is lying down sleeping
2	People are riding their bikes down a road.	No one is riding a bike.
2	construction worker working on a structure	A man is working on a computer.
0	This woman is skiing down a snowy hill.	This woman is on a hill.
1	A dog jumping for a Frisbee in the snow.	A pet is enjoying a game of fetch with his owner.
2	Cityscape with four men on bikes serving as the focal point of picture.	Local robbers escape after stealing an otter
2	Children playing a video game together.	The kids are at the table eating dinner.
1	A man dances with a woman in a white egyptian costume.	A man is disguise as he dances with someone.
1	Politician John McCain on a talk show.	John McCain is talking about politics.
0	A lady digs through a garbage can looking to add to the shopping cart beside her.	Lady digs through garbage
0	A rally in a different country.	A rally in a seperate country.
0	Two girls (one dressed in blue, and one dressed in pink) are racing one another on rollerskates.	Two girls are in a race.
1	Two men working in a small factory.	Two men in a tool plant.
2	A woman in a long, dark coat looks through trashcans in Winter.	A woman is standing by a fire pit.
2	Two women are getting their pictures taken with a man in his underwear.	The is one woman in the picture.
0	A woman sitting with a guitar talking to a man sitting with an umbrella.	A woman is talking.
0	A man, with a full face mask, sits on a sidewalk playing the guitar.	A man is wearing a mask
1	A man is walking past a large sign that says E.S.E. Electronics.	The man works at E.S.E Electronics.
0	Little kids play a game of running around a pole.	A bunch of young kids play a game that requires them to run around a pole.
2	A dog with a purple leash is held by a woman wearing white shoes.	A man is holding a leash on someone else dog.
1	A worker shoveling dirt into a wheelbarrow.	The worker is a man.
2	A girl in a black sweater and jeans pours water into an empty soda bottle.	A girl pours water into the ocean
1	A woman and a baby are watching a boy play.	the woman is his mother
0	A racer on a motorcycle lifts one hand in the air.	A person on a motorcycle.
2	A group of African Americans getting ready to eat.	An outdoor concert at the park.
2	One man in baseball cap looks out while two men look down.	Women look different directions.
0	A very dirty race car doing a burnout on some dirt.	A car does a burn out.
2	Fireworks light up the night as a man stands on stage.	The man is studying quietly in the house.
0	A man in a strange uniform taking a photo of an old-fashioned red sports car.	A person taking a photo.
2	This church choir sings to the masses as they sing joyous songs from the book at a church.	A choir singing at a baseball game.
2	two people riding their bikes down a street together.	A couple gets married at the courthouse.
1	Man in blue shirt yells and points off-camera while a man in a blue shirt and baseball cap watches.	He is yelling at his son.
0	A little girl carries a younger girl on the sidewalk.	the girl is little
1	A dark-haired lady with a big smile is wearing a bright red scarf.	A dark-haired lady is dressed for a good day
0	A young couple riding on a bus with the boy's arm around the girl.	The couple are on a bus.
0	A dog hides in the tall grasses along a rocky shore	The dog is outdoors.
0	Here is an announcement for everybody about the beach.	The beach has an announcement.
2	Two wrestlers in an intense match.	Two wrestlers are eating dinner at a local diner.
1	A motorist gets some air over a rough hill.	A motorist is riding his bike in a competition.
2	A dog jumps over a pile of wood.	A dog rests on a pile of wood.
2	A man wearing a black sweater and a knit cap sits in front of mountain scenery, with a cloudy sky overhead.	A man is indoors.
0	Four entertainers dressed in Roman style garb are performing at an outdoor theater.	People are outdoors.
1	A woman in a white wedding dress is being dressed and fitted by two other women.	A woman is being fitted for the first time.
0	A female gymnast in black and red being coached on bar skills.	The female gymnast is training.
0	A young man at a bowling alley posing on the scoring machine.	A young man is at the bowling alley.
1	A woman with a pink purse walks down a crowded sidewalk.	A woman escapes a from a hostile enviroment
0	A small dog looking up to his loving owner.	A dog is looking up.
1	A young male is running while playing tennis against another person.	A man moves while playing a game
0	A baby girl and little boy are standing next to a guitar and a drum.	The girl is near an instrument.
2	A child floating on a blue raft while a woman holds on to him while a black dog swims nearby.	Nobody floats.
1	A man is smiling at a woman in a white dress.	The man is friendly.
0	The young boy in a red shirt and jeans resists his sister's request for water on the road.	A boy denies his sister a drink.
0	A dark-skinned man wearing a green cap backwards on his head grins in a crowd.	The man in the green cap finds something funny.
2	A young boy in red leaping into sand at a playground.	A child does a cannonball into a pool.
1	A bald person in green clothing stands in front of a brick wall.	A man poses for a picture.
1	A man with glasses sitting at a restaurant staring at something that is not shown.	a man at a restaurant waiting for his wife
1	A baby sitting in a highchair looking delighted.	The baby is eating.
2	A woman is walking her dog and using her cellphone.	The woman is walking her cat.
0	a baby getting a bath in the kitchen sink.	A baby is getting a bath.
0	In a chain link enclosed skate park a skater goes over one of the obstacles.Wit.	A person is skating.
0	A man with a latex glove and black t-shit is standing in front of a Chevy van.	a man standing in front of a van
2	A boy and a girl stand in a median amongst Mike Huckabee signs.	The boy and girl stand on the lakeshore.
1	Four men and a young boy are at a table set up for wood crafts.	The group of men are teaching the boy how to make wood crafts.
1	a skier doing a trick on pole while being photographed by another man	Skier showing off for photographer by doing a trick.
1	A small, pale bird bends down to examine a crumb.	The bird is having trouble flying.
2	A woman in a red dress is walking on the sidewalk.	The woman is running through the woods.
1	A man talks to two guards as he holds a drink.	The prisoner is talking to two guards in the prison cafeteria.
0	Three people are walking on a beach.	A few people are near the ocean
0	A man wearing an orange shirt and sunglasses jogging in a marathon with spectators spectating him.	People watch a man jog.
1	People wearing sombreros drink shots happily.	People enjoying the festivities in Cancun.
2	A man in shorts and flip-flops is carrying a bag on his back.	A man is outside with no bag on his back.
1	A female gymnast flies off of the lower bar and is suspended in the air with her feet pointed upward.	A gymnast is in mid air.
0	A boy in a red shirt is squatting in front of a circle of stones with a pot in the middle.	A boy sits in front of stones.
2	A younger man dressed in tribal attire.	A young man wheres a tuxedo.
1	A lady digs through a garbage can looking to add to the shopping cart beside her.	Lady is searching for food in garbage
2	Pedestrians are gazing at a display of books set out on a sidewalk under a tree.	Some women are wrapping gifts.
0	A woman with a black purse and a red coat is sitting on a pillar of concrete.	There is one woman in this picture.
2	A woman in a scarf, laughing, being licked by a dog.	A woman is scratched by a cat
0	A woman in black is getting ready in her bathroom.	The woman is in the bathroom
0	Mom and little boy having fun & eating by the lake.	Two humans enjoying the outside.
0	a woman in jeans and a woman in shorts are petting a baby kangaroo.	Two woman are petting a animal.